Date,Content
2020-02-09,https://boxd.it/7Muuf
2020-02-22,https://boxd.it/XAQb9
2020-02-29,https://boxd.it/ACYK9
2020-03-18,https://boxd.it/zwB6T
2020-03-18,https://boxd.it/FA1ST
2020-03-24,https://boxd.it/12ligz
2020-04-21,https://boxd.it/11rgct
2020-04-24,https://boxd.it/5y6Wj
2020-04-28,https://boxd.it/5QjI1
2020-04-29,https://boxd.it/ZNls3
2020-05-13,https://boxd.it/18NN9p
2020-05-16,https://boxd.it/cBVvH
2020-05-20,https://boxd.it/ceXHz
2020-05-20,https://boxd.it/asRPH
2020-05-21,https://boxd.it/19GEDP
2020-05-27,https://boxd.it/MFN9b
2020-06-04,https://boxd.it/I7HHx
2020-06-04,https://boxd.it/17bevF
2020-06-04,https://boxd.it/U1kQx
2020-06-05,https://boxd.it/TSXN5
2020-06-12,https://boxd.it/1bqUwh
2020-06-13,https://boxd.it/YIZG1
2020-06-18,https://boxd.it/1czblF
2020-07-08,https://boxd.it/1ePtRT
2020-08-03,https://boxd.it/2sByt
2020-08-15,https://boxd.it/5avTr
2020-08-29,https://boxd.it/1jYnSp
2020-09-03,https://boxd.it/iiYf
2023-07-20,https://boxd.it/2D22Xl
2023-11-27,https://boxd.it/5dyiI1
2023-11-27,https://boxd.it/5cq84l
2024-03-18,https://boxd.it/2lTXxD
2024-04-17,https://boxd.it/6gQpqp
