Date,Content
2020-02-09,https://boxd.it/7Muuf
2020-02-22,https://boxd.it/XAQb9
2020-02-29,https://boxd.it/ACYK9
2020-03-18,https://boxd.it/zwB6T
2020-03-18,https://boxd.it/FA1ST
2020-03-24,https://boxd.it/12ligz
2020-04-21,https://boxd.it/11rgct
2020-04-24,https://boxd.it/5y6Wj
2020-04-28,https://boxd.it/5QjI1
2020-04-29,https://boxd.it/ZNls3
2020-05-13,https://boxd.it/18NN9p
2020-05-16,https://boxd.it/cBVvH
2020-05-20,https://boxd.it/ceXHz
2020-05-20,https://boxd.it/asRPH
2020-05-21,https://boxd.it/19GEDP
2020-05-27,https://boxd.it/MFN9b
2020-06-04,https://boxd.it/I7HHx
2020-06-04,https://boxd.it/17bevF
2020-06-04,https://boxd.it/U1kQx
2020-06-05,https://boxd.it/TSXN5
2020-06-12,https://boxd.it/1bqUwh
2020-06-13,https://boxd.it/YIZG1
2020-06-18,https://boxd.it/1czblF
2020-07-08,https://boxd.it/1ePtRT
2020-08-03,https://boxd.it/2sByt
2020-08-15,https://boxd.it/5avTr
2020-08-29,https://boxd.it/1jYnSp
2020-09-03,https://boxd.it/iiYf
2023-07-20,https://boxd.it/2D22Xl
2023-11-27,https://boxd.it/5dyiI1
2024-03-18,https://boxd.it/2lTXxD
2024-04-17,https://boxd.it/6gQpqp
2024-05-31,https://boxd.it/1v3rVh
2024-05-31,https://boxd.it/170aAJ
2024-06-03,https://boxd.it/6AU32j
2024-08-30,https://boxd.it/6muVCH
2024-08-30,https://boxd.it/6lqtDb
2024-09-05,https://boxd.it/7fUvmb
2024-09-05,https://boxd.it/7dWSw5
2024-09-06,https://boxd.it/7cWH9F
2024-09-09,https://boxd.it/7hIGQZ
2024-09-10,https://boxd.it/7iizu5
2024-09-22,https://boxd.it/7mWxFV
2024-09-22,https://boxd.it/7mTIcz
2024-10-01,https://boxd.it/3jmWun
2024-10-03,https://boxd.it/7s50sR
2024-10-05,https://boxd.it/7tjbgf
2024-10-05,https://boxd.it/7sSgxV
2024-10-26,https://boxd.it/1pVhd
2024-10-27,https://boxd.it/6vC9L
2024-10-31,https://boxd.it/7G4mqx
2024-11-09,https://boxd.it/7KiwAV
2024-11-10,https://boxd.it/Htgh3
2024-11-11,https://boxd.it/7Mn6xp
2024-11-24,https://boxd.it/7SeNMD
2024-12-07,https://boxd.it/7Zi8bH
2024-12-07,https://boxd.it/3Kdj4Z
2024-12-09,https://boxd.it/5fv5NT
2024-12-11,https://boxd.it/81oGVf
2024-12-11,https://boxd.it/80Z8Mt
2024-12-13,https://boxd.it/3PHmAp
2024-12-16,https://boxd.it/83JrOD
2024-12-19,https://boxd.it/85wxtX
2024-12-21,https://boxd.it/86xtAV
2024-12-27,https://boxd.it/8aN2Zn
2024-12-29,https://boxd.it/8bV7d9
2025-01-02,https://boxd.it/8gqYgN
2025-01-05,https://boxd.it/8jLalH
2025-01-07,https://boxd.it/7Qp67h
2025-01-15,https://boxd.it/8tGn6v
2025-01-30,https://boxd.it/8BjbQx
2025-01-31,https://boxd.it/8FIqST
2025-02-02,https://boxd.it/8HoVmd
2025-02-08,https://boxd.it/8J41Q5
2025-02-12,https://boxd.it/8NEGef
2025-02-15,https://boxd.it/8Pf9CB
2025-02-22,https://boxd.it/8Tr3fh
2025-02-27,https://boxd.it/8X434D
2025-03-01,https://boxd.it/8XQwqT
