Date,Name,Year,Letterboxd URI
2020-02-08,Skyfall,2012,https://boxd.it/17Fc
2020-02-08,Casino Royale,2006,https://boxd.it/1alk
2020-02-08,Quantum of Solace,2008,https://boxd.it/1Vs8
2020-02-08,Adaptation.,2002,https://boxd.it/26mA
2020-02-08,It's a Wonderful Life,1946,https://boxd.it/28xA
2020-02-08,Rear Window,1954,https://boxd.it/2a6Q
2020-02-08,Being John Malkovich,1999,https://boxd.it/2ahu
2020-02-08,Casablanca,1942,https://boxd.it/2aG0
2020-02-08,North by Northwest,1959,https://boxd.it/2aRM
2020-02-08,The Artist,2011,https://boxd.it/2AwK
2020-02-08,Her,2013,https://boxd.it/4O24
2020-02-08,Spectre,2015,https://boxd.it/6bXY
2020-02-08,Room,2015,https://boxd.it/7T0y
2020-02-08,A Star Is Born,2018,https://boxd.it/aXgc
2020-02-08,No Time to Die,2021,https://boxd.it/cPX2
2020-02-08,The Fighter,2010,https://boxd.it/PP4
2020-02-08,The Truman Show,1998,https://boxd.it/18U8
2020-02-08,Half Nelson,2006,https://boxd.it/20Ng
2020-02-08,Three Kings,1999,https://boxd.it/21IG
2020-02-08,The French Connection,1971,https://boxd.it/296g
2020-02-08,American Graffiti,1973,https://boxd.it/29us
2020-02-08,The Piano,1993,https://boxd.it/29Kq
2020-02-08,Aliens,1986,https://boxd.it/29PA
2020-02-08,The English Patient,1996,https://boxd.it/2arE
2020-02-08,Alien,1979,https://boxd.it/2awY
2020-02-08,Some Like It Hot,1959,https://boxd.it/2aNA
2020-02-08,Rebel Without a Cause,1955,https://boxd.it/2aQu
2020-02-08,Léon: The Professional,1994,https://boxd.it/2b8S
2020-02-08,Argo,2012,https://boxd.it/2czU
2020-02-08,Silver Linings Playbook,2012,https://boxd.it/2TTo
2020-02-08,American Hustle,2013,https://boxd.it/5dz8
2020-02-08,Sing Street,2016,https://boxd.it/cOo6
2020-02-08,Searching,2018,https://boxd.it/hDPg
2020-02-08,Tenet,2020,https://boxd.it/leq4
2020-02-08,Yi Yi,2000,https://boxd.it/1vCw
2020-02-08,The Umbrellas of Cherbourg,1964,https://boxd.it/22fK
2020-02-08,All Quiet on the Western Front,1930,https://boxd.it/2b2g
2020-02-08,Paterson,2016,https://boxd.it/cRk2
2020-02-08,Dune,2021,https://boxd.it/fA7G
2020-02-13,Anatomy of a Murder,1959,https://boxd.it/2baa
2020-02-18,Paddington,2014,https://boxd.it/3RKw
2020-02-18,Paddington 2,2017,https://boxd.it/bCF8
2020-02-18,The Great Dictator,1940,https://boxd.it/29ic
2020-02-18,Modern Times,1936,https://boxd.it/25MC
2020-02-18,Monsieur Verdoux,1947,https://boxd.it/1l0s
2020-02-18,City Lights,1931,https://boxd.it/29ki
2020-02-18,Limelight,1952,https://boxd.it/1osa
2020-02-18,Little Miss Sunshine,2006,https://boxd.it/29EW
2020-02-18,Battle of the Sexes,2017,https://boxd.it/cNxw
2020-02-24,In the Mood for Love,2000,https://boxd.it/29tE
2020-02-25,My Left Foot: The Story of Christy Brown,1989,https://boxd.it/1WW4
2020-02-25,In the Name of the Father,1993,https://boxd.it/20I6
2020-02-25,In America,2002,https://boxd.it/1W5a
2020-02-29,The Dead Don't Die,2019,https://boxd.it/juZg
2020-03-08,Upstream Color,2013,https://boxd.it/4Cwc
2020-03-09,Dr. No,1962,https://boxd.it/29UU
2020-03-09,From Russia with Love,1963,https://boxd.it/29T8
2020-03-09,Goldfinger,1964,https://boxd.it/29SY
2020-03-17,On the Waterfront,1954,https://boxd.it/29TC
2020-03-17,"Synecdoche, New York",2008,https://boxd.it/23zw
2020-03-18,Burning,2018,https://boxd.it/hHUa
2020-03-18,Deliverance,1972,https://boxd.it/1VGk
2020-03-18,Scott Pilgrim vs. the World,2010,https://boxd.it/1Aq6
2020-03-24,The Peanut Butter Falcon,2019,https://boxd.it/gzu2
2020-03-24,A Dog's Will,2000,https://boxd.it/12u4
2020-03-24,Polytechnique,2009,https://boxd.it/1AMG
2020-03-24,Enemy,2013,https://boxd.it/5xtO
2020-03-27,Mishima: A Life in Four Chapters,1985,https://boxd.it/1sBA
2020-03-31,The Queen,2006,https://boxd.it/292e
2020-04-07,Night on Earth,1991,https://boxd.it/2ayq
2020-04-08,Amélie,2001,https://boxd.it/2aUc
2020-04-11,M,1931,https://boxd.it/29vq
2020-04-29,A Quiet Place,2018,https://boxd.it/fVJQ
2020-05-03,Stand by Me,1986,https://boxd.it/2aOe
2020-05-03,Once,2007,https://boxd.it/22GG
2020-05-05,All About Eve,1950,https://boxd.it/29LI
2020-05-08,50/50,2011,https://boxd.it/10Tw
2020-05-11,Die Hard,1988,https://boxd.it/2a7u
2020-05-16,The Hustler,1961,https://boxd.it/298G
2020-05-18,Into the Wild,2007,https://boxd.it/22m2
2020-05-20,Melancholia,2011,https://boxd.it/bPI
2020-05-27,The Secret Life of Walter Mitty,2013,https://boxd.it/3SWy
2020-06-14,12 Years a Slave,2013,https://boxd.it/2D2e
2020-06-14,Hunger,2008,https://boxd.it/1Wso
2020-06-14,Shame,2011,https://boxd.it/2CxU
2020-06-14,Network,1976,https://boxd.it/1VqG
2020-06-14,Mother,2009,https://boxd.it/1m9g
2020-06-14,Y Tu Mamá También,2001,https://boxd.it/28QM
2020-06-14,American History X,1998,https://boxd.it/2bdo
2020-06-14,BlacKkKlansman,2018,https://boxd.it/hxL8
2020-06-14,Do the Right Thing,1989,https://boxd.it/29gA
2020-06-14,Da 5 Bloods,2020,https://boxd.it/lnXw
2020-06-14,Malcolm X,1992,https://boxd.it/27WE
2020-06-14,13th,2016,https://boxd.it/elNg
2020-06-14,They Shall Not Grow Old,2018,https://boxd.it/jP62
2020-06-19,Carol,2015,https://boxd.it/7DPK
2020-06-19,Call Me by Your Name,2017,https://boxd.it/dYmm
2020-06-19,Brokeback Mountain,2005,https://boxd.it/2b2q
2020-06-19,Come and See,1985,https://boxd.it/1w9q
2020-06-19,The Green Mile,1999,https://boxd.it/2agG
2020-06-19,The Birds,1963,https://boxd.it/2a6m
2020-06-19,Psycho,1960,https://boxd.it/2ab2
2020-06-19,Jackie,2016,https://boxd.it/d6bu
2020-06-19,Good Will Hunting,1997,https://boxd.it/2ahY
2020-06-22,The Passion of Joan of Arc,1928,https://boxd.it/29DO
2020-06-24,Soul,2020,https://boxd.it/ioLA
2020-06-27,Sorry to Bother You,2018,https://boxd.it/f21E
2020-07-01,Rope,1948,https://boxd.it/28yo
2020-07-07,American Beauty,1999,https://boxd.it/71Y
2020-07-07,Road to Perdition,2002,https://boxd.it/24Lo
2020-07-07,Jarhead,2005,https://boxd.it/70m
2020-07-07,Fight Club,1999,https://boxd.it/2a9q
2020-07-07,Gone Girl,2014,https://boxd.it/6hQu
2020-07-07,Mank,2020,https://boxd.it/mIuC
2020-07-07,The Girl with the Dragon Tattoo,2011,https://boxd.it/2Pa
2020-07-09,Honey Boy,2019,https://boxd.it/ixvm
2020-07-14,The Dead,1987,https://boxd.it/13vC
2020-07-16,Under the Skin,2013,https://boxd.it/3mDa
2020-07-22,Jaws,1975,https://boxd.it/2a5e
2020-07-22,Schindler's List,1993,https://boxd.it/2aq2
2020-07-22,Raiders of the Lost Ark,1981,https://boxd.it/2bbs
2020-07-22,Saving Private Ryan,1998,https://boxd.it/29ro
2020-07-22,Catch Me If You Can,2002,https://boxd.it/29VS
2020-07-22,E.T. the Extra-Terrestrial,1982,https://boxd.it/2a1G
2020-07-22,Close Encounters of the Third Kind,1977,https://boxd.it/29u8
2020-08-02,Rocky,1976,https://boxd.it/28Uk
2020-08-04,Trainspotting,1996,https://boxd.it/29XY
2020-08-04,The Third Man,1949,https://boxd.it/294E
